prix,name,country,vivino_url,vivino_rating
7150,"2016 Château Angelus, 1er Grand Cru Classé, Saint Emilion",france,https://www.vivino.com/FR/en/wines/1766232,4.6
268.2,Krug Grande Cuvee Brut,france,https://www.vivino.com/FR/en/wines/164942599,4.6
544.4,"Dom Pérignon Vintage Rosé, in individual Gift Box",france,https://www.vivino.com/FR/en/wines/4089408,4.6
40.7,"The Prisoner Red Zinfandel Blend, Napa Valley",usa,https://www.vivino.com/FR/en/wines/155656811,4.6
163.55,Perrier-Jouët Belle Epoque,france,https://www.vivino.com/FR/en/wines/1517638,4.5
362.49,Remoissenet Clos Vougeot Grand Cru,france,https://www.vivino.com/FR/en/wines/2755784,4.5
69.65,Remoissenet Pommard,france,https://www.vivino.com/FR/en/wines/15869854,4.4
16951.92,"2009 Château Lynch Bages, 5ème Cru Classé, Pauillac",france,https://www.vivino.com/FR/en/wines/1499723,4.4
8390.4,"2012 Le Petit Cheval, Château Cheval Blanc, Saint Emilion Grand Cru",france,https://www.vivino.com/FR/en/wines/1575102,4.4
21445.2,"2010 Château Figeac, 1st Grand Cru Classé, Saint-Emilion",france,https://www.vivino.com/FR/en/wines/1953783,4.4
113.05,Laurent-Perrier Rosé,france,https://www.vivino.com/FR/en/wines/1469472,4.4
87.95,Ruinart Brut,france,https://www.vivino.com/FR/en/wines/164942595,4.4
162.8,Remoissenet Corton Charlemagne Diamond Jubilee,france,https://www.vivino.com/FR/en/wines/2789151,4.4
38.05,Château Lalande,france,https://www.vivino.com/FR/en/wines/1491165,4.4
75.3,Domaine Chanson Puligny Montrachet,france,https://www.vivino.com/FR/en/wines/1718205,4.4
51.55,Baron de L. Pouilly Fumé,france,https://www.vivino.com/FR/en/wines/1690649,4.4
112.95,Catena Zapata Argentino Malbec,argentina,https://www.vivino.com/FR/en/wines/1469200,4.4
14.55,"Elderton Estate Family Vineyards, Eden Valley Riesling",australia,https://www.vivino.com/FR/en/wines/3250403,4.4
58.45,Jordan Vineyard &amp; Winery Cabernet Sauvignon,usa,https://www.vivino.com/FR/en/wines/147548688,4.4
62.3,"Stag's Leap Wine Cellars ""Artemis"" Cabernet Sauvignon",usa,https://www.vivino.com/FR/en/wines/1571403,4.4
215.45,"FSM Castello Vicchiomaggio, Merlot Toscana IGT",italy,https://www.vivino.com/FR/en/wines/3483261,4.4
148.85,"Domaine Daniel-Etienne Defaix, Chablis Grand Cru Blanchot ",france,https://www.vivino.com/FR/en/wines/4086462,4.3
3139.59,"2016 Château Duhart-Milon Rothschild, 4eme Cru Classé, Pauillac",france,https://www.vivino.com/FR/en/wines/1500807,4.3
75.65,Veuve Clicquot Yellow Label Brut,france,https://www.vivino.com/FR/en/wines/164942636,4.3
10729.04,"2010 Château Beychevelle, 4ème Cru Classé, Saint-Julien",france,https://www.vivino.com/FR/en/wines/2048358,4.3
33.4,Château De Valois Cuvée Louise,france,https://www.vivino.com/FR/en/wines/160075470,4.3
25.1,Château De Plaisance Coteaux De Layon 1Er Cru Chaume,france,https://www.vivino.com/FR/en/wines/1736843,4.3
91,Beau Joie Rosé Champagne ,france,https://www.vivino.com/FR/en/wines/1794534,4.3
84.45,Remoissenet Puligny Montrachet,france,https://www.vivino.com/FR/en/wines/4520930,4.3
98.1,Remoissenet Chassagne Montrachet 1er Cru La Maltroie,france,https://www.vivino.com/FR/en/wines/2959948,4.3
91.95,Remoissenet Meursault Premier Cru Les Cras,france,https://www.vivino.com/FR/en/wines/4346643,4.3
87.55,Veuve Clicquot Rosé,france,https://www.vivino.com/FR/en/wines/1487195,4.3
75.2,"Gevrey-Chambertin, Remoissenet Père Et Fils",france,https://www.vivino.com/FR/en/wines/2092295,4.3
67.43,"Fernand &amp; Laurent Pillot Chassagne Montrachet 1er Cru ""Vide Bourse""",france,https://www.vivino.com/FR/en/wines/1860621,4.3
162.92,Tardieu Laurent Hermitage,france,https://www.vivino.com/FR/en/wines/2344260,4.3
44.55,"Gervais Gobillard Brut, Champagne",france,https://www.vivino.com/FR/en/wines/167677246,4.3
107.75,Domaine Chanson Chassagne-Montrachet,france,https://www.vivino.com/FR/en/wines/3809792,4.3
138.9,"Meursault 1er Cru Les Charmes ,Xavier Monnot",france,https://www.vivino.com/FR/en/wines/4846515,4.3
67.45,"Elderton 'Command' Single Vineyard, Shiraz",australia,https://www.vivino.com/FR/en/wines/4718059,4.3
83.25,"Cullen ""Diana Madeline"" Cabernet - Merlot",australia,https://www.vivino.com/FR/en/wines/1858456,4.3
33.3,Keith Tulloch Kester Shiraz ,australia,https://www.vivino.com/FR/en/wines/4872140,4.3
77,"Tenuta Argiano, Brunello di Montalcino ",italy,https://www.vivino.com/FR/en/wines/1482363,4.3
15.85,Allegrini Valpolicella DOC,italy,https://www.vivino.com/FR/en/wines/1723424,4.3
85.7,Allegrini Amarone della Valpolicella Classico DOCG,italy,https://www.vivino.com/FR/en/wines/1723424,4.3
10.6,Martín Codax Cuatro Pasos Mencia,spain,https://www.vivino.com/FR/en/wines/153104759,4.3
49,Remoissenet Chablis 1er Cru Fourchaume,france,https://www.vivino.com/FR/en/wines/143338047,4.2
32.78,Château Mont-Redon Châteauneuf-du-Pape Rouge,france,https://www.vivino.com/FR/en/wines/141143040,4.2
52.65,Perrier-Jouët Grand Brut,france,https://www.vivino.com/FR/en/wines/164942675,4.2
75.7,Beau Joie Brut Champagne ,france,https://www.vivino.com/FR/en/wines/1882223,4.2
9209.2,"2008 Château Calon Segur, 3ème Cru Classé, Saint-Estèphe",france,https://www.vivino.com/FR/en/wines/1513288,4.2
75.55,Remoissenet Meursault Blanc,france,https://www.vivino.com/FR/en/wines/4912805,4.2
62.2,Taittinger Brut Réserve,france,https://www.vivino.com/FR/en/wines/164942648,4.2
43.8,"Domaine Ott Rosé, Château Romassan",france,https://www.vivino.com/FR/en/wines/1477082,4.2
67.9,Moët &amp; Chandon Ice Imperial,france,https://www.vivino.com/FR/en/wines/1469048,4.2
43.25,"Chateau Le Coteau Cuvée Graveline, Margaux",france,https://www.vivino.com/FR/en/wines/164489570,4.2
89.55,David Moret Meursault “Sous La Velle”,france,https://www.vivino.com/FR/en/wines/38206140,4.2
81.25,Domaine Chanson Nuits Saint Georges,france,https://www.vivino.com/FR/en/wines/3339313,4.2
41.3,Catena Alta Cabernet Sauvignon,argentina,https://www.vivino.com/FR/en/wines/155776850,4.2
63.35,Dawson James Chardonnay,australia,https://www.vivino.com/FR/en/wines/5020073,4.2
84.1,Dawson James Pinot Noir,australia,https://www.vivino.com/FR/en/wines/5020075,4.2
64.45,"Burn Cottage Vineyard, Pinot Noir Central Otago",new_zealand,https://www.vivino.com/FR/en/wines/4422435,4.2
56.95,"Nyetimber Classic Cuvee Multi-Vintage,",uk,https://www.vivino.com/FR/en/wines/2093215,4.2
63.05,Nyetimber Blanc de Blancs,uk,https://www.vivino.com/FR/en/wines/1548463,4.2
27.75,Byron Nielson Vineyard Chardonnay,usa,https://www.vivino.com/FR/en/wines/157535316,4.2
44.3,Batlhasar Ress Rudesheim Berg Rottland Riesling Auslese,germany,https://www.vivino.com/FR/en/wines/159803431,4.2
36.95,Montresor Amarone della Valpolicella 'Satinato',italy,https://www.vivino.com/FR/en/wines/1485123,4.2
73.3,"Brunello Di Montalcino, San Polo, Tuscany",italy,https://www.vivino.com/FR/en/wines/1498551,4.2
51.25,Ossian Viñas Viejas Vedejo,spain,https://www.vivino.com/FR/en/wines/156349542,4.2
55,"Shaya Habis Verdejo , Rueda",spain,https://www.vivino.com/FR/en/wines/1607355,4.2
56.95,"Nyetimber Classic Cuvee Multi-Vintage,",rest-of-the-world,https://www.vivino.com/FR/en/wines/2093215,4.2
21.55,Ktima Gerovassiliou Malagousia,rest-of-the-world,https://www.vivino.com/FR/en/wines/4883522,4.2
62.05,Moët &amp; Chandon Brut Impérial,france,https://www.vivino.com/FR/en/wines/164942645,4.1
29.05,"Les Cadrans de Lassègue Saint-Emilion, Grand Cru",france,https://www.vivino.com/FR/en/wines/1891545,4.1
45.85,"Chateau Marzy, Pomerol",france,https://www.vivino.com/FR/en/wines/4184852,4.1
17.35,"""La Côte Sauvage"" Cairanne",france,https://www.vivino.com/FR/en/wines/2210035,4.1
55.95,"Domanie Laroche, Chablis 1er Cru ‘Les Vaillons’ Vieilles Vignes",france,https://www.vivino.com/FR/en/wines/4873148,4.1
48.4,Cave De Tain 'Les Arènes Sauvages'&nbsp;Cornas,france,https://www.vivino.com/FR/en/wines/4432867,4.1
20.25,"Château Fabre Gasparets, Corbières-Boutenac [Organic]",france,https://www.vivino.com/FR/en/wines/4869384,4.1
39.6,Château Enclos Haut-Mazeyres,france,https://www.vivino.com/FR/en/wines/5026097,4.1
3195.344,"2016 Château Gloria, Saint Julien",france,https://www.vivino.com/FR/en/wines/1558095,4.1
70.9,La Chablisienne Chablis Grand Cru Les Clos,france,https://www.vivino.com/FR/en/wines/2083545,4.1
68.8,Moët &amp; Chandon Brut Impérial Rosé,france,https://www.vivino.com/FR/en/wines/164943024,4.1
26.65,"Domaine Heimbourger Les Terres Blanches, Chablis",france,https://www.vivino.com/FR/en/wines/166736899,4.1
59.05,Laurent-Perrier Brut,france,https://www.vivino.com/FR/en/wines/164943434,4.1
90.45,"Chassagne-Montrachet `Vieilles Vignes`, Domaine Borgeot, Burgundy",france,https://www.vivino.com/FR/en/wines/2880531,4.1
41.15,Domaine Maratray Dubreuil Savigny les Beaune 1er Cru Les Vergelesses,france,https://www.vivino.com/FR/en/wines/1808417,4.1
47.1,"Domaine Olivier Hillaire, Chateauneuf du Pape",france,https://www.vivino.com/FR/en/wines/4738566,4.1
55.15,"Domaine Faury, Condrieu",france,https://www.vivino.com/FR/en/wines/1470718,4.1
99.9,Remoissenet Chablis Grand Cru Les Clos,france,https://www.vivino.com/FR/en/wines/4278527,4.1
30.05,Whispering Angel Rosé,france,https://www.vivino.com/FR/en/wines/1473981,4.1
89.2,"Château Minuty ""281"" Rosé",france,https://www.vivino.com/FR/en/wines/1473981,4.1
20.1,"Chateau La Picherie Les Marronniers, Montagne Saint-Emilion",france,https://www.vivino.com/FR/en/wines/160340616,4.1
31,"Chateau Gravet Renaissance, Grand Cru Saint-Emilion",france,https://www.vivino.com/FR/en/wines/1664353,4.1
39.9,"Chateau Gravet Grande Rennaissance , Grand Cru Saint-Emilion",france,https://www.vivino.com/FR/en/wines/4776163,4.1
31,Château Vieux Guinot La Petite Chapelle Saint-Emilion Grand Cru,france,https://www.vivino.com/FR/en/wines/155818729,4.1
35.75,Chateau Lange Réglat,france,https://www.vivino.com/FR/en/wines/3717744,4.1
56.05,"Chateau Durfort-Vivens,'Vivens', Margaux",france,https://www.vivino.com/FR/en/wines/3837090,4.1
55.15,"Gevrey Chambertin , Vallet Frères",france,https://www.vivino.com/FR/en/wines/1943415,4.1
24.55,Domaine Chanson Morgon,france,https://www.vivino.com/FR/en/wines/1942378,4.1
30.5,Catena Alta Chardonnay,argentina,https://www.vivino.com/FR/en/wines/1489764,4.1
19.6,Catena Appellation Vista Flores Malbec,argentina,https://www.vivino.com/FR/en/wines/2078546,4.1
24.85,Grant Burge Wines of Distinction The Holy Trinity Shiraz Grenache Mourvedre,australia,https://www.vivino.com/FR/en/wines/2917815,4.1
28.7,St Hallett Blackwell Shiraz,australia,https://www.vivino.com/FR/en/wines/2478362,4.1
44,Giant Steps `Primavera Vineyard' Yarra Valley Pinot Noir,australia,https://www.vivino.com/FR/en/wines/151764682,4.1
23.97,Loveblock Marlborough Sauvignon Blanc ,new_zealand,https://www.vivino.com/FR/en/wines/2583580,4.1
14.9,Tinpot Hut Sauvignon Blanc,new_zealand,https://www.vivino.com/FR/en/wines/3337436,4.1
79.8,Ata Rangi Pinot Noir,new_zealand,https://www.vivino.com/FR/en/wines/2285900,4.1
13.35,Villa Maria Private Bin Sauvignon Blanc,new_zealand,https://www.vivino.com/FR/en/wines/1694639,4.1
30.15,"Fairview `The Beacon`Shiraz, Swartland",south_africa,https://www.vivino.com/FR/en/wines/2225412,4.1
32.25,Chapel Down Classic Non-Vintage Brut,uk,https://www.vivino.com/FR/en/wines/153087394,4.1
16.7,Henners Gardner Street Classic,uk,https://www.vivino.com/FR/en/wines/168489764,4.1
40.55,Stag's Leap Wine Cellars 'Karia' Chardonnay,usa,https://www.vivino.com/FR/en/wines/1962639,4.1
23.2,Wente Vineyards Charles Wetmore Cabernet Sauvignon,usa,https://www.vivino.com/FR/en/wines/165019053,4.1
9.2,Zonin Moscato,italy,https://www.vivino.com/FR/en/wines/154653261,4.1
17.6,Cà Dei Frati 'I Frati' Lugana,italy,https://www.vivino.com/FR/en/wines/1779756,4.1
56.05,"Barolo 'La Morra', Corino Giovanni di Corino Giuliano",italy,https://www.vivino.com/FR/en/wines/3119587,4.1
32.85,"Poggio al Tesoro, 'Il Seggio' Bolgheri, Tuscany",italy,https://www.vivino.com/FR/en/wines/154873868,4.1
48.5,Bottega Brunello Di Montalcino,italy,https://www.vivino.com/FR/en/wines/1658042,4.1
58.4,Ferrari Perlé Rosé Riserva,italy,https://www.vivino.com/FR/en/wines/156126718,4.1
15.9,Vins El Cep Clot Del Roure Xarel-Lo,spain,https://www.vivino.com/FR/en/wines/3286066,4.1
10.7,Vins El Cep Gr5 Senders Negre De Terrer( Tempranillo/Cabernet/Merlot/Syrah),spain,https://www.vivino.com/FR/en/wines/1484909,4.1
52.8,Marques De Murrieta 'Capellania'&nbsp; Blanco Reserva,spain,https://www.vivino.com/FR/en/wines/1536248,4.1
28.4,Merum Priorati Ardiles Priorat,spain,https://www.vivino.com/FR/en/wines/2841614,4.1
22.2,Teliani Valley Glekhuri Kisiskhevi Saperavi Qvevri,rest-of-the-world,https://www.vivino.com/FR/en/wines/147680482,4.1
75.6,"Domaine Daniel-Etienne Defaix, Chablis Vieilles Vignes",france,https://www.vivino.com/FR/en/wines/2046593,4
1342.28,"2019 ""Brulieres"" De Beychevelle, Haut-Medoc",france,https://www.vivino.com/FR/en/wines/3049571,4
2025.288,"2015 Chateau Beychevelle ""Amiral De Beychevelle"" St. Julien",france,https://www.vivino.com/FR/en/wines/1674282,4
45.35,Savigny Les Beaune Antoine Geoffroy,france,https://www.vivino.com/FR/en/wines/4789464,4
45.1,"M.Chapoutier, Cornas 'Les Arènes'",france,https://www.vivino.com/FR/en/wines/1523468,4
50.8,"M.Chapoutier, Châteauneuf-du-Pape 'La Bernardine' Blanc",france,https://www.vivino.com/FR/en/wines/1572945,4
22.85,"Domaine Trénel, Viré Clessé Chardonnay, Vin de Bourgogne",france,https://www.vivino.com/FR/en/wines/144587348,4
1478.992,"2015 Château Corbin, St Emilion",france,https://www.vivino.com/FR/en/wines/1545587,4
12.6,Château Turcaud Le Rosé,france,https://www.vivino.com/FR/en/wines/2865859,4
47.6,"Domaine Laroche, Chablis 1er Cru `Les Vaudevey`",france,https://www.vivino.com/FR/en/wines/1597743,4
9.65,Domaine La Font De Notre Dame Lirac,france,https://www.vivino.com/FR/en/wines/160136438,4
21.85,"Clos Magne Figeac, Saint Emilion",france,https://www.vivino.com/FR/en/wines/1861751,4
36.85,"Chateau Bellegrave Les Charmes, Pauillac",france,https://www.vivino.com/FR/en/wines/4736888,4
40.45,"Chateau Ségur de Cabanac, Saint-Estèphe",france,https://www.vivino.com/FR/en/wines/1544857,4
25.85,"Miraval, Côtes de Provence Rosé",france,https://www.vivino.com/FR/en/wines/8902172,4
26.35,"Chateau Canon Saint-Michel (Organic) L'Authentique, Canon Fronsac",france,https://www.vivino.com/FR/en/wines/4857854,4
47,Piper-Heidsieck Cuvée Brut,france,https://www.vivino.com/FR/en/wines/156715939,4
17.3,"Chateau du Grand Plantier Caupos, Loupiac Blanc",france,https://www.vivino.com/FR/en/wines/3194792,4
32.1,Jean-Max Roger Menetou Salon Cuvée le Charnay,france,https://www.vivino.com/FR/en/wines/2114123,4
45.55,"Chateau de Vaudieu,‘Grand Vin’, Châteauneuf-du-Pape Rouge",france,https://www.vivino.com/FR/en/wines/1521901,4
19.55,Catena Appellation Cabernet Franc,argentina,https://www.vivino.com/FR/en/wines/6261489,4
18,"Elderton Estate Family Vineyards, Barossa Shiraz",australia,https://www.vivino.com/FR/en/wines/4158916,4
18,"Elderton Estate Family Vineyards, Barossa Cabernet Sauvignon",australia,https://www.vivino.com/FR/en/wines/4158916,4
14,The Black Craft Shiraz  ,australia,https://www.vivino.com/FR/en/wines/4958681,4
24.85,Grant Burge Wines of Distinction Filsell Shiraz,australia,https://www.vivino.com/FR/en/wines/2199705,4
37.3,Shaw+Smith Adelaide Hills Shiraz,australia,https://www.vivino.com/FR/en/wines/3066889,4
18.85,"Shaw + Smith, Sauvignon Blanc , Adelaide Hills",australia,https://www.vivino.com/FR/en/wines/1791210,4
35.9,"Shaw + Smith ""M3"", Chardonnay, Adelaide Hills",australia,https://www.vivino.com/FR/en/wines/2304522,4
38.3,"Peter Lehmann Masters, 8 Songs Shiraz, Barossa Valley",australia,https://www.vivino.com/FR/en/wines/1533001,4
42.35,Penfolds Bin 28 Kalimna Shiraz,australia,https://www.vivino.com/FR/en/wines/1471246,4
13.85,"Montes Alpha Carmenère , Colchagua",chile,https://www.vivino.com/FR/en/wines/1506272,4
17.3,Montes Alpha Syrah,chile,https://www.vivino.com/FR/en/wines/170799531,4
20.6,Spy Valley Marlborough Sauvignon Blanc,new_zealand,https://www.vivino.com/FR/en/wines/3527948,4
18.75,Framingham Marlborough Classic Riesling,new_zealand,https://www.vivino.com/FR/en/wines/4879612,4
39.35,Greywacke Chardonnay,new_zealand,https://www.vivino.com/FR/en/wines/4800539,4
15.35,Kim Crawford Sauvignon Blanc,new_zealand,https://www.vivino.com/FR/en/wines/1845445,4
23.9,Greywacke Marlborough Riesling,new_zealand,https://www.vivino.com/FR/en/wines/4800542,4
12.7,MOKO Black Sauvignon Blanc,new_zealand,https://www.vivino.com/FR/en/wines/2271217,4
32.25,Chapel Down English Sparkling Rosé,uk,https://www.vivino.com/FR/en/wines/5955651,4
26.95,"Murphy-Goode ""Liar's Dice"" Zinfandel, Sonoma County",usa,https://www.vivino.com/FR/en/wines/1485350,4
34.55,Jordan Vineyard &amp; Winery Chardonnay,usa,https://www.vivino.com/FR/en/wines/4764489,4
23.2,Wente Vineyards Riva Ranch Pinot Noir,usa,https://www.vivino.com/FR/en/wines/142588352,4
35.6,Balthasar Ress Hattenheim Nussbrunnen Riesling Spatlese,germany,https://www.vivino.com/FR/en/wines/2356584,4
30.1,Weingut Knipser Kalkmergel Spätburgunder Trocken QBA,germany,https://www.vivino.com/FR/en/wines/160384409,4
27.95,Mandrarossa Bertolino Soprano Grillo Wooden Box,italy,https://www.vivino.com/FR/en/wines/160209135,4
21.85,Allegrini Oasi Mantellina Lugana,italy,https://www.vivino.com/FR/en/wines/162746584,4
28.2,Pieropan Ruberpan` Valpolicella Superiore,italy,https://www.vivino.com/FR/en/wines/1510833,4
13.65,"Terre Antiche, Gavi di Gavi, Piemonte",italy,https://www.vivino.com/FR/en/wines/2407446,4
22.95,Antinori San Giovanni della Sala Orvieto Classico Superiore,italy,https://www.vivino.com/FR/en/wines/3191899,4
18.4,Prunotto Moscato d’Asti,italy,https://www.vivino.com/FR/en/wines/2342780,4
26.95,Bottega Prosecco Brut Rosé,italy,https://www.vivino.com/FR/en/wines/166536188,4
21.3,"Vins El Cep, Mim Natura Blanc De Noirs Gran Reserva, Organic Pinot Noir/Chardonnay",spain,https://www.vivino.com/FR/en/wines/156098298,4
20.3,"Ramón Bilbao Edición Limitada, Rioja",spain,https://www.vivino.com/FR/en/wines/3068317,4
37.8,"Bodega Contador Predicador Rioja,",spain,https://www.vivino.com/FR/en/wines/1491555,4
9.9,Miguel Torres Viña Esmeralda Blanco,spain,https://www.vivino.com/FR/en/wines/163835664,4
12.95,Alpha Estate Malagouzia Single Vineyard Turtles,rest-of-the-world,https://www.vivino.com/FR/en/wines/8250877,4
28.2,Alpha Estate Red,rest-of-the-world,https://www.vivino.com/FR/en/wines/1935043,4
18.9,Ktima Gerovassiliou White,rest-of-the-world,https://www.vivino.com/FR/en/wines/9428832,4
29.15,Ktima Gerovassiliou AVATON,rest-of-the-world,https://www.vivino.com/FR/en/wines/1470058,4
42.05,"Domaine Cailbourdin, Pouilly-Sur-Loire, Pouilly-Fumé Les Cris ",france,https://www.vivino.com/FR/en/wines/1470230,3.9
26.85,Schröder and Schÿler Margaux Private Selection,france,https://www.vivino.com/FR/en/wines/4869718,3.9
25.35,"Perle d'Aurore, Crémant de Bourgogne Brut Rosé",france,https://www.vivino.com/FR/en/wines/164942842,3.9
45.75,"M.Chapoutier, Châteauneuf-du-Pape, Collection Bio Rouge",france,https://www.vivino.com/FR/en/wines/154656459,3.9
47.9,Mumm Cordon Rouge Brut,france,https://www.vivino.com/FR/en/wines/1469170,3.9
22.85,Domaine Sautereau Sancerre,france,https://www.vivino.com/FR/en/wines/2383089,3.9
25.4,Remoissenet Bourgogne Blanc,france,https://www.vivino.com/FR/en/wines/1868450,3.9
14,Boutinot Cairanne 'Les Six',france,https://www.vivino.com/FR/en/wines/4087553,3.9
36.8,"""M"" De Minuty Magnum (1.5L)",france,https://www.vivino.com/FR/en/wines/2191238,3.9
27.4,Domaine Millet Sancerre Blanc,france,https://www.vivino.com/FR/en/wines/1501008,3.9
29,Domaine Michel Girault La Grappe d'Or “Pouilly-Fume”,france,https://www.vivino.com/FR/en/wines/4813815,3.9
29.95,Champagne Gatinois Grand Cru Tradition Brut,france,https://www.vivino.com/FR/en/wines/3387596,3.9
47.5,Champagne Gremillet Blanc de Noirs Brut,france,https://www.vivino.com/FR/en/wines/5553057,3.9
16.5,"Chateau de Mazerolle La Gravelière Peyronne, Graves",france,https://www.vivino.com/FR/en/wines/160209059,3.9
27,Château Vitallis Saint-Véran,france,https://www.vivino.com/FR/en/wines/4808941,3.9
9.9,L’Ormarine Duc de Morny Picpoul de Pinet,france,https://www.vivino.com/FR/en/wines/4686132,3.9
22.55,M de Minuty Rosé,france,https://www.vivino.com/FR/en/wines/2191238,3.9
13.1,"Chateau Pradeau-Mazeau Cuvée Prestige, Bordeaux Blanc",france,https://www.vivino.com/FR/en/wines/164535253,3.9
24,Cave deTurckheim Grand Cru Riesling,france,https://www.vivino.com/FR/en/wines/2076639,3.9
60.15,"Gervais Gobillard Prestige, Champagne Rosé",france,https://www.vivino.com/FR/en/wines/3936512,3.9
15.7,"Baron Philippe de Rothschild, Reserve Mouton Cadet Medoc",france,https://www.vivino.com/FR/en/wines/4982145,3.9
16.6,Château Vieille Tour La Rose,france,https://www.vivino.com/FR/en/wines/4903634,3.9
23.9,Schröder and Schÿler Margaux Private Reserve,france,https://www.vivino.com/FR/en/wines/1598939,3.9
14.8,"Château de Musset Cuvée Compostelle, Lalande-de-Pomerol",france,https://www.vivino.com/FR/en/wines/4790424,3.9
37.55,"La Chablisienne Chablis 1er Cru ""Beauroy""",france,https://www.vivino.com/FR/en/wines/2883586,3.9
37.55,"La Chablisienne Chablis 1er Cru ""Vaillons""",france,https://www.vivino.com/FR/en/wines/4496784,3.9
34.3,Chante Cigale Châteauneuf -du- Pape Blanc,france,https://www.vivino.com/FR/en/wines/4347906,3.9
19.1,Catena Appellation Tupungato Chardonnay,argentina,https://www.vivino.com/FR/en/wines/153195945,3.9
28.2,Bodega Norton Privada Family Blend,argentina,https://www.vivino.com/FR/en/wines/1504933,3.9
18.45,Keith Tulloch Chardonnay,australia,https://www.vivino.com/FR/en/wines/4872114,3.9
18.55,Keith Tulloch Semillon ,australia,https://www.vivino.com/FR/en/wines/4872123,3.9
17.55,Little Ripples Cabernet Sauvignon,australia,https://www.vivino.com/FR/en/wines/163947720,3.9
24.85,Grant Burge Wines of Distinction Balthasar Shiraz,australia,https://www.vivino.com/FR/en/wines/4721409,3.9
49.35,"`Mangan East Block` Margaret River, Cullen",australia,https://www.vivino.com/FR/en/wines/17176639,3.9
21.55,"Plantagenet, Angevin Mount Barker Riesling",australia,https://www.vivino.com/FR/en/wines/4732161,3.9
33.65,Plantagenet `Aquitaine` Mount Barker Cabernet Sauvignon,australia,https://www.vivino.com/FR/en/wines/146881576,3.9
13.95,Dandelion Vineyards `Lionheart of the Barossa` Shiraz,australia,https://www.vivino.com/FR/en/wines/1478615,3.9
30.3,"Charles Melton, Rose Of Virginia Barossa Valley",australia,https://www.vivino.com/FR/en/wines/1569338,3.9
17.75,"Peter Lehmann, The Barossan Shiraz , Barossa Valley",australia,https://www.vivino.com/FR/en/wines/152886179,3.9
16.8,Casa Silva Gran Terroir De Los Andes Angostura Chardonnay,chile,https://www.vivino.com/FR/en/wines/21467815,3.9
27.3,"Morandé Adventure, Vigno Carignan",chile,https://www.vivino.com/FR/en/wines/1867010,3.9
29.6,"Casa Silva, Cool Coast Pinot Noir",chile,https://www.vivino.com/FR/en/wines/2569108,3.9
24.05,Greywacke Pinot Gris,new_zealand,https://www.vivino.com/FR/en/wines/4586076,3.9
31.5,Ata Rangi `Lismore' Pinot Gris,new_zealand,https://www.vivino.com/FR/en/wines/4734938,3.9
31.75,Bolney Bubbly Sparkling,uk,https://www.vivino.com/FR/en/wines/2952551,3.9
18.2,Sharpham Dart Valley Reserve,uk,https://www.vivino.com/FR/en/wines/2795780,3.9
19.65,"Rathfinny Cradle Valley, Pinot Blanc",uk,https://www.vivino.com/FR/en/wines/144252436,3.9
28.7,"Freemark Abbey Sauvignon Blanc, Napa Valley",usa,https://www.vivino.com/FR/en/wines/3722600,3.9
32.45,"Kendall-Jackson 'Jackson Estate' Pinot Noir, Anderson Valley",usa,https://www.vivino.com/FR/en/wines/9286129,3.9
14.2,Bread &amp; Butter Chardonnay,usa,https://www.vivino.com/FR/en/wines/4065555,3.9
13.55,Wente Vineyards Morning Fog Chardonnay,usa,https://www.vivino.com/FR/en/wines/1485697,3.9
14.15,Wente Vineyards Southern Hills Cabernet Sauvignon,usa,https://www.vivino.com/FR/en/wines/2761366,3.9
14.15,Wente Vineyards Beyer Ranch Zinfandel,usa,https://www.vivino.com/FR/en/wines/1533418,3.9
22.15,Chateau Ste. Michelle Syrah,usa,https://www.vivino.com/FR/en/wines/1820321,3.9
47.7,Balthasar Ress Wiisselbrunnen Riesling GG Trocken,germany,https://www.vivino.com/FR/en/wines/18367665,3.9
21.6,Von Othegraven Altenberg Riesling Kabinett,germany,https://www.vivino.com/FR/en/wines/4760624,3.9
14.5,Alde Gott Einblick Grauburgunder Kabinett Trocken,germany,https://www.vivino.com/FR/en/wines/1894869,3.9
27.9,Vesevo Taurasi Ensis Docg,italy,https://www.vivino.com/FR/en/wines/157831960,3.9
52,"Castello di Monsanto, Chianti Classico DOCG Riserva",italy,https://www.vivino.com/FR/en/wines/2032654,3.9
46.8,"Grattamacco, Bolgheri Rosso",italy,https://www.vivino.com/FR/en/wines/3940643,3.9
41.75,"Bellavista, 'Alma’ Franciacorta Gran Cuvee Brut ,NV",italy,https://www.vivino.com/FR/en/wines/164943133,3.9
15.2,"Santa Margherita, Pinot Grigio Valdadige DOC ",italy,https://www.vivino.com/FR/en/wines/1564205,3.9
21.8,"Contrada Monte Gorna "" Etna Rosso"" (Organic)",italy,https://www.vivino.com/FR/en/wines/166770232,3.9
26.15,"Allegrini Estates Rosso Di Montalcino, San Polo",italy,https://www.vivino.com/FR/en/wines/2114762,3.9
16.25,Alpha Zeta `R` Valpolicella Superiore Ripasso,italy,https://www.vivino.com/FR/en/wines/1541684,3.9
9.95,"Vicchiomaggio ""Floreale"" Rosato, Toscana IGT",italy,https://www.vivino.com/FR/en/wines/171067122,3.9
20.45,"Nicola Bergaglio, Gavi di Gavi ""Vigneto Ciapon"" DOCG",italy,https://www.vivino.com/FR/en/wines/77212780,3.9
27.75,"Pieropan 'Calvarino', Soave Classico, Veneto",italy,https://www.vivino.com/FR/en/wines/3337101,3.9
30.35,"Prunotto, Occhetti Langhe, Nebbiolo, Piedmont",italy,https://www.vivino.com/FR/en/wines/158603121,3.9
32.1,Patrizi Barolo DOCG,italy,https://www.vivino.com/FR/en/wines/3090588,3.9
16.1,"Paco &amp; Lola Albarino, Rias Baixas",spain,https://www.vivino.com/FR/en/wines/1469661,3.9
17.85,"Bodegas Godeval ""Godeval"", Godello",spain,https://www.vivino.com/FR/en/wines/1890389,3.9
16.35,Campo Viejo Rioja Gran Reserva,spain,https://www.vivino.com/FR/en/wines/1527459,3.9
15.55,Cave de Turckheim Gewurztraminer Reserve,france,https://www.vivino.com/FR/en/wines/4770208,3.8
27.15,"M.Chapoutier, Saint-Joseph 'Deschants' Rouge",france,https://www.vivino.com/FR/en/wines/1497950,3.8
22.35,"M.Chapoutier, Saint-Péray 'Les Tanneurs' ",france,https://www.vivino.com/FR/en/wines/2859969,3.8
17.1,"M.Chapoutier, 'La Combe Pilate' Viognier, IGP Collines Rhodaniennes",france,https://www.vivino.com/FR/en/wines/144196869,3.8
25.7,"M.Chapoutier, Saint-Joseph 'Deschants' Blanc",france,https://www.vivino.com/FR/en/wines/2947722,3.8
18.75,"Domaine Bila-Haut,'Occultum Lapidem', Côtes-du-Roussillon Rouge",france,https://www.vivino.com/FR/en/wines/1527187,3.8
26.05,"Pernand Vergelesses Rouge, Dubreuil -Fontaine",france,https://www.vivino.com/FR/en/wines/12665730,3.8
34.75,Champagne Charles Chevalier Brut d'Honneur,france,https://www.vivino.com/FR/en/wines/3771840,3.8
20.25,Domaine Henry Pellé Menetou-Salon Morogues,france,https://www.vivino.com/FR/en/wines/3714051,3.8
26.95,Domaine Laroche Chablis St-Martin,france,https://www.vivino.com/FR/en/wines/1942170,3.8
22.25,"Château des Jacques, Fleurie",france,https://www.vivino.com/FR/en/wines/12371777,3.8
8.85,"Dune Gris De Gris IGP, Sable De Camargue",france,https://www.vivino.com/FR/en/wines/2705674,3.8
10.4,Château De Hauterive Originel,france,https://www.vivino.com/FR/en/wines/1890545,3.8
13.3,"Domaine Durieu, Ventoux",france,https://www.vivino.com/FR/en/wines/4852363,3.8
22.7,Macon Rouge Maison Antoine Geoffroy,france,https://www.vivino.com/FR/en/wines/147009133,3.8
29.4,"Chateau Fleur La Mothe, Medoc Cru Bourgeois",france,https://www.vivino.com/FR/en/wines/161434001,3.8
36.85,"Chateau Vieux Coutelin, Saint Estephe",france,https://www.vivino.com/FR/en/wines/1954460,3.8
13.75,"Chateau Turcaud, Entre deux Mers Blanc AOC",france,https://www.vivino.com/FR/en/wines/4940296,3.8
36.9,Gremillet Sélection Brut,france,https://www.vivino.com/FR/en/wines/5554432,3.8
29,"Domaine Michel Girault Les Beaux Regards, Sancerre Blanc",france,https://www.vivino.com/FR/en/wines/4813821,3.8
24.35,"Chateau Lalande de Pez, Saint-Estèphe",france,https://www.vivino.com/FR/en/wines/4860823,3.8
34.75,Pernand-Vergelesses Blanc Domaine Dubreuil Fontaine,france,https://www.vivino.com/FR/en/wines/1543182,3.8
21.5,Domaine Wiehlé Seidenfaden Gewurztraminer,france,https://www.vivino.com/FR/en/wines/159096857,3.8
18.25,"Chateau de Hauterive Chemin de Compostelle Hauts de Vire, Cahors",france,https://www.vivino.com/FR/en/wines/1890545,3.8
20.5,"Château Macquin, Saint-Georges-Saint-Émilion, Bordeaux",france,https://www.vivino.com/FR/en/wines/1911504,3.8
29.15,Louis Jadot Saint Véran,france,https://www.vivino.com/FR/en/wines/1601676,3.8
24.8,Bouchard Père et Fils Côtes de Beaune Villages,france,https://www.vivino.com/FR/en/wines/4377015,3.8
12.75,Château de Belleverne Beaujolais Villages,france,https://www.vivino.com/FR/en/wines/128179539,3.8
11.3,Vouvray Demi Sec Les Coteaux Tufiers,france,https://www.vivino.com/FR/en/wines/7042100,3.8
12.6,"Domaine de la Combe Reserve Personelle Vieilles Vignes, Muscadet Sevre et Maine Sur LieDomaine de la",france,https://www.vivino.com/FR/en/wines/161296331,3.8
54.5,"Elderton 'Ashmead' Single Vineyard, Cabernet Sauvignon",australia,https://www.vivino.com/FR/en/wines/1469019,3.8
19.05,Keith Tulloch Shiraz/Viog,australia,https://www.vivino.com/FR/en/wines/4872138,3.8
15,Songlines Grenache ,australia,https://www.vivino.com/FR/en/wines/155202244,3.8
14.6,Rag &amp; Bone Riesling  ,australia,https://www.vivino.com/FR/en/wines/25095096,3.8
29.65,Grant Burge Wines of Distinction Corryton Park Cabernet Sauvignon,australia,https://www.vivino.com/FR/en/wines/4721438,3.8
11.55,Xanadu Circa 77 Cabernet. Sauvignon,australia,https://www.vivino.com/FR/en/wines/172045113,3.8
26.8,"Cullen `Mangan Vineyard` Sauvignon Blanc/Semillon, Margaret River",australia,https://www.vivino.com/FR/en/wines/4907548,3.8
14.45,"Three Lions, Great Southern Chardonnay",australia,https://www.vivino.com/FR/en/wines/22231663,3.8
18.75,Peter Lehmann `The Barossan' Grenache,australia,https://www.vivino.com/FR/en/wines/159296338,3.8
10.95,d'Arenberg The Stump Jump White,australia,https://www.vivino.com/FR/en/wines/2230067,3.8
15.45,d'Arenberg The Hermit Crab Marsanne/Viognier,australia,https://www.vivino.com/FR/en/wines/2463504,3.8
19.75,"Peter Lehmann Masters, Margaret Semillon, Barossa Valley",australia,https://www.vivino.com/FR/en/wines/2055659,3.8
31.8,"Clonakilla ""Hilltops"", Shiraz",australia,https://www.vivino.com/FR/en/wines/1998779,3.8
17.85,"Morandé, Chardonnay Gran Reserva",chile,https://www.vivino.com/FR/en/wines/1953682,3.8
28.55,Trinity Hill `The Gimblett` Gimblett Gravels,new_zealand,https://www.vivino.com/FR/en/wines/4546530,3.8
19.85,"Ata Rangi, `Te Wa` Martinborough Sauvignon Blanc",new_zealand,https://www.vivino.com/FR/en/wines/168242876,3.8
19.75,"Sileni Estates ‘The Lodge’ Grand Reserve Chardonnay, Hawke’s Bay",new_zealand,https://www.vivino.com/FR/en/wines/166042822,3.8
12.15,Villa Maria Private Bin Dry Riesling,new_zealand,https://www.vivino.com/FR/en/wines/3687183,3.8
9.5,"Front Row Shiraz/Mourvèdre/Viognier, Swartland",south_africa,https://www.vivino.com/FR/en/wines/161925921,3.8
12.95,Mooiplaas Pinotage,south_africa,https://www.vivino.com/FR/en/wines/1927880,3.8
11.95,Nederburg Private Collection Shiraz,south_africa,https://www.vivino.com/FR/en/wines/158966890,3.8
19.9,Caymus Mer Soleil Chardonnay,usa,https://www.vivino.com/FR/en/wines/4287898,3.8
11.65,Obsession Symphony,usa,https://www.vivino.com/FR/en/wines/1522848,3.8
16.9,"Fog Mountain, Merlot",usa,https://www.vivino.com/FR/en/wines/4710285,3.8
18.8,Caymus Conundrum White Blend,usa,https://www.vivino.com/FR/en/wines/1554012,3.8
5.2,Barefoot Moscato,usa,https://www.vivino.com/FR/en/wines/1562544,3.8
24,"La Crema Pinot Noir, Monterey",usa,https://www.vivino.com/FR/en/wines/1790385,3.8
20.05,"Kendall-Jackson Vintner's Reserve Zinfandel, Mendocino",usa,https://www.vivino.com/FR/en/wines/1661845,3.8
26.65,"Kendall-Jackson Vintner's Reserve Cabernet Sauvignon, Sonoma County",usa,https://www.vivino.com/FR/en/wines/1606885,3.8
24.95,"Cambria Estate ""Katherine's Vineyard"" Chardonnay",usa,https://www.vivino.com/FR/en/wines/2704236,3.8
19.9,"Nielson Chardonnay, Santa Barbara",usa,https://www.vivino.com/FR/en/wines/4725935,3.8
17.8,"Murphy-Goode Red Wine, California",usa,https://www.vivino.com/FR/en/wines/2957871,3.8
20.85,Francis Ford Coppola Merlot Diamond,usa,https://www.vivino.com/FR/en/wines/1529040,3.8
14.15,Wente Vineyards Sandstone Merlot,usa,https://www.vivino.com/FR/en/wines/3154510,3.8
8.25,J. Baumer Riesling QBA,germany,https://www.vivino.com/FR/en/wines/1520604,3.8
17.1,Cristina Ascheri Langhe Arneis DOC,italy,https://www.vivino.com/FR/en/wines/2498287,3.8
15.6,"Santa Margherita, Sparkling Rosè",italy,https://www.vivino.com/FR/en/wines/166164685,3.8
15.6,"Santa Margherita, Prosecco DOCG",italy,https://www.vivino.com/FR/en/wines/1650248,3.8
17.75,Vesevo Greco Di Tufo Docg,italy,https://www.vivino.com/FR/en/wines/1469698,3.8
10.9,Vigneti Del Salento I Muri Primitivo,italy,https://www.vivino.com/FR/en/wines/2654536,3.8
13.25,Vigneto Del Vulture Aglianico Pipoli,italy,https://www.vivino.com/FR/en/wines/1475143,3.8
17.8,"Lugarara, Gavi Di Gavi , La Giustiniana, Piemonte",italy,https://www.vivino.com/FR/en/wines/2309560,3.8
18.9,Ascheri Langhe Nebbiolo DOC San Giacomo,italy,https://www.vivino.com/FR/en/wines/4735602,3.8
17.1,Contrada Monte San Nicolo Etna Bianco (Organic),italy,https://www.vivino.com/FR/en/wines/165572812,3.8
15.85,"Sartori ""Regolo"" Valpolicella Superiore Ripasso DOC",italy,https://www.vivino.com/FR/en/wines/2351417,3.8
15.6,"Les Cousins Marc &amp; Adrià ""L`Inconscient"", Priorat",spain,https://www.vivino.com/FR/en/wines/1676067,3.8
13.3,"Pittacum Bierzo, Mencia",spain,https://www.vivino.com/FR/en/wines/4407921,3.8
15.05,"Emilio Moro Finca Resalso, Tempranillo",spain,https://www.vivino.com/FR/en/wines/1470800,3.8
11.6,"Enate Rosado, Cabernet Sauvignon",spain,https://www.vivino.com/FR/en/wines/3802125,3.8
12.9,12 Lunas Tinto,spain,https://www.vivino.com/FR/en/wines/1556080,3.8
19.7,"Pazo San Mauro, Albariño, Rias Baixas",spain,https://www.vivino.com/FR/en/wines/1837565,3.8
9.7,Adegas Valminor Minius Mencia,spain,https://www.vivino.com/FR/en/wines/164826916,3.8
11.25,"Alceno Syrah 50 Barricas, Monastrell/Syrah, Bodegas Alceño",spain,https://www.vivino.com/FR/en/wines/3177353,3.8
9.3,"Bodegas Tagonius ""Tagonius Blanco"" (Malvar/Moscatel/Sauvignon Blanc)",spain,https://www.vivino.com/FR/en/wines/157374608,3.8
18.5,"Anna Blanc De Blancs, Codorníu Brut Reserva",spain,https://www.vivino.com/FR/en/wines/169848214,3.8
42.8,"Cvne Imperial Reserva, Rioja",spain,https://www.vivino.com/FR/en/wines/1744966,3.8
9.2,Jf Arriezu Verdejo Rueda blanc,spain,https://www.vivino.com/FR/en/wines/2337471,3.8
10.65,"Adegas Valminor ""Abade Do Couto"" El Rebelde ( Souzao/Caino Tinto/Alvarelhao)",spain,https://www.vivino.com/FR/en/wines/162417468,3.8
25.5,L'Atzar Priorat,spain,https://www.vivino.com/FR/en/wines/16204799,3.8
15.5,"Rías Baixas Albariño, Martín Códax, Galicia",spain,https://www.vivino.com/FR/en/wines/1948407,3.8
9.6,Bodega Navajas Rioja Rosado,spain,https://www.vivino.com/FR/en/wines/3965173,3.8
9.6,Bodegas Navajas Rioja Tinto,spain,https://www.vivino.com/FR/en/wines/1471598,3.8
29.75,Project B Sauvignon Blanc,rest-of-the-world,https://www.vivino.com/FR/en/wines/165412652,3.8
13.15,Taylor's Fine Ruby Port,rest-of-the-world,https://www.vivino.com/FR/en/wines/1548660,3.8
16.8,Alpha Estate Xinomavro Single Vineyard Hedgehog,rest-of-the-world,https://www.vivino.com/FR/en/wines/19322385,3.8
22.2,Teliani Valley Glekhuri Kisi Qvevri,rest-of-the-world,https://www.vivino.com/FR/en/wines/7666752,3.8
34.8,"Grace Koshu Hishiyama, Private Reserve, Grace Winery, Yamanashi",rest-of-the-world,https://www.vivino.com/FR/en/wines/167488945,3.8
9.05,"Vinho Verde Loureiro/Alvarinho, Azevedo, Portugal",rest-of-the-world,https://www.vivino.com/FR/en/wines/161350291,3.8
30.35,Remoissenet Chablis,france,https://www.vivino.com/FR/en/wines/12629909,3.7
17,"M.Chapoutier, Rasteau "" Les Gadilles""",france,https://www.vivino.com/FR/en/wines/169803930,3.7
11.7,"M.Chapoutier, 'Belleruche' Côtes-du-Rhône Rouge",france,https://www.vivino.com/FR/en/wines/1497268,3.7
11.85,"M.Chapoutier, 'Belleruche' Côtes-du-Rhône Blanc",france,https://www.vivino.com/FR/en/wines/1472731,3.7
13.7,"Domaine Trénel, Beaujolais Organic "" Rouge""",france,https://www.vivino.com/FR/en/wines/3582444,3.7
20.85,"Domaine Trénel, Moulin à vent, Cru de Beaujolais",france,https://www.vivino.com/FR/en/wines/20089414,3.7
18.75,"Domaine Bila-Haut, 'Occultum Lapidem', Côtes-du-Roussillon Blanc",france,https://www.vivino.com/FR/en/wines/154838597,3.7
15.2,"M.Chapoutier, Muscat de Beaumes-de-Venise",france,https://www.vivino.com/FR/en/wines/4376382,3.7
87.6,Vranken Brut Nature VDC Magnum 1.5L with Gift Box,france,https://www.vivino.com/FR/en/wines/155582683,3.7
40.4,Vranken Brut Nature VDC with Gift Box,france,https://www.vivino.com/FR/en/wines/155582683,3.7
20.7,William Fevre Petit Chablis,france,https://www.vivino.com/FR/en/wines/2008465,3.7
16.4,Domaine De La Roche Honneur Chinon 'Cuvée De Pâques' Organic,france,https://www.vivino.com/FR/en/wines/4959480,3.7
19.85,Château Comtesse Du Parc - By Christophe Anney,france,https://www.vivino.com/FR/en/wines/4797534,3.7
13.45,"Clos Bagatelle, “Les Sentiers de Bagatelle a l’Origine “St Chinian Rouge",france,https://www.vivino.com/FR/en/wines/156988256,3.7
32.93,"Chateau Feret Lambert Bordeaux Superieur, Magnum (1.5L)",france,https://www.vivino.com/FR/en/wines/2337290,3.7
34.55,Paul Jaboulet Aine “Les Jalets” Crozes Hermitage “Blanc”,france,https://www.vivino.com/FR/en/wines/3429091,3.7
18.2,"La Chablisienne, “Pas Si Petit” Petit Chablis",france,https://www.vivino.com/FR/en/wines/1942914,3.7
16.2,"Baron Philippe de Rothschild, Réserve Mouton Cadet, Saint-Émilion",france,https://www.vivino.com/FR/en/wines/8383129,3.7
15.7,Chateau Feret Lambert Bordeaux Superieur,france,https://www.vivino.com/FR/en/wines/2337290,3.7
23.9,"Cave De Tain Crozes-Hermitage ""Sans Sulphites"" Exploration",france,https://www.vivino.com/FR/en/wines/158801846,3.7
13.8,Cave de Turckheim Gewurztraminer,france,https://www.vivino.com/FR/en/wines/2112703,3.7
14.9,Cave de Turckheim Riesling Vieilles Vignes,france,https://www.vivino.com/FR/en/wines/4740145,3.7
13.95,"Château de Fontenille, Bordeaux Rouge",france,https://www.vivino.com/FR/en/wines/1578934,3.7
12.9,Chateau Haut-Bastor Les Grandes Vignes Bordeaux Moelleux Blanc,france,https://www.vivino.com/FR/en/wines/157232740,3.7
18.8,Louis Jadot Mâcon Villages Blanc,france,https://www.vivino.com/FR/en/wines/1469024,3.7
22.4,"La Chablisienne Chablis ""La Pierrelée""",france,https://www.vivino.com/FR/en/wines/1468899,3.7
11.85,Domaine Pré Baron Touraine Sauvignon Blanc,france,https://www.vivino.com/FR/en/wines/4052127,3.7
10,Pablo y Walter Malbec,argentina,https://www.vivino.com/FR/en/wines/2281126,3.7
17.15,Petaluma White Label Cabernet Sauvignon Coonawarra,australia,https://www.vivino.com/FR/en/wines/8551977,3.7
11.55,Xanadu Circa 77 Chardonnay,australia,https://www.vivino.com/FR/en/wines/170104645,3.7
27.95,Mount Horrocks `Watervale` Clare Valley Semillon,australia,https://www.vivino.com/FR/en/wines/4744821,3.7
37.2,Mount Horrocks Clare Valley Shiraz,australia,https://www.vivino.com/FR/en/wines/2960412,3.7
15.45,d'Arenberg The Olive Grove Chardonnay,australia,https://www.vivino.com/FR/en/wines/3662367,3.7
12.45,Yering Station Village Shiraz,australia,https://www.vivino.com/FR/en/wines/5090940,3.7
18.05,d'Arenberg The Footbolt Shiraz,australia,https://www.vivino.com/FR/en/wines/1531640,3.7
17.5,"Morandé, Cabernet Sauvignon Gran Reserva",chile,https://www.vivino.com/FR/en/wines/2737501,3.7
28.25,"Trinity Hill, Gimblett Gravels Syrah",new_zealand,https://www.vivino.com/FR/en/wines/2741367,3.7
14.9,Tinpot Hut Pinot Gris,new_zealand,https://www.vivino.com/FR/en/wines/3883243,3.7
18.4,Framingham Marlborough Pinot Gris,new_zealand,https://www.vivino.com/FR/en/wines/4879636,3.7
19.15,Tinpot Hut `McKee Vineyard` Grüner Veltliner,new_zealand,https://www.vivino.com/FR/en/wines/4985160,3.7
30.1,Ata Rangi `Crimson' Pinot Noir,new_zealand,https://www.vivino.com/FR/en/wines/1542266,3.7
10.6,Lanzerac Chenin Blanc ,south_africa,https://www.vivino.com/FR/en/wines/152021807,3.7
8.4,Nederburg The Winemaster's Pinotage,south_africa,https://www.vivino.com/FR/en/wines/3067206,3.7
11.95,Nederburg Private Collection Cabernet Sauvignon,south_africa,https://www.vivino.com/FR/en/wines/157058361,3.7
14.9,"Kendall-Jackson Vintner's Reserve Riesling, Monterey",usa,https://www.vivino.com/FR/en/wines/2176167,3.7
11.65,Obsession Red Blend,usa,https://www.vivino.com/FR/en/wines/1469195,3.7
12.65,Murphy Goode Merlot,usa,https://www.vivino.com/FR/en/wines/1646908,3.7
26.65,"Kendall-Jackson Vintner's Reserve Merlot, Sonoma County",usa,https://www.vivino.com/FR/en/wines/1964483,3.7
35.45,"Kendall-Jackson Grand Reserve Pinot Noir, Anderson Valley",usa,https://www.vivino.com/FR/en/wines/2527104,3.7
19,"Columbia Crest, Grand Estates Cabernet Sauvignon",usa,https://www.vivino.com/FR/en/wines/1492040,3.7
12.35,Line 39 Excursion Red Blend,usa,https://www.vivino.com/FR/en/wines/154375053,3.7
21,"Kendall-Jackson Vintner's Reserve Pinot Noir, California",usa,https://www.vivino.com/FR/en/wines/1890484,3.7
8.9,"Cabaret Frank No.2 ""The Aviary"", Old Vine Cabernet Franc",usa,https://www.vivino.com/FR/en/wines/11324517,3.7
12.15,Apothic Red,usa,https://www.vivino.com/FR/en/wines/1469195,3.7
12.65,Murphy Goode Pinot Noir,usa,https://www.vivino.com/FR/en/wines/2614308,3.7
16.15,Alde Gott Ausblick Grauburgunder Spätlese Trocken,germany,https://www.vivino.com/FR/en/wines/3906818,3.7
10.92,Schwedhelm Dornfelder,germany,https://www.vivino.com/FR/en/wines/165589479,3.7
7.85,Villa Franz Riesling,germany,https://www.vivino.com/FR/en/wines/4838363,3.7
14.95,Balthasar Ress Von Unserm Riesling QBA Trocken,germany,https://www.vivino.com/FR/en/wines/2139811,3.7
35.2,"Balthasar Ress ""32"" Riesling Rheingauner Landwein",germany,https://www.vivino.com/FR/en/wines/2139811,3.7
18,"Allegrini Estates Rubio, San Polo",italy,https://www.vivino.com/FR/en/wines/2060016,3.7
9.2,Mediceo Chianti,italy,https://www.vivino.com/FR/en/wines/157105719,3.7
5.95,Lambrusco Rosso Minini,italy,https://www.vivino.com/FR/en/wines/2666094,3.7
7.25,"Ripa Delle Mandorle IGT Toscana Bianco, Vicchiomaggio",italy,https://www.vivino.com/FR/en/wines/5591476,3.7
10.65,Mandrarossa Viognier Le Sénie,italy,https://www.vivino.com/FR/en/wines/3148584,3.7
15.85,Ruggeri Prosecco Argeo Brut,italy,https://www.vivino.com/FR/en/wines/2496053,3.7
26.2,Bottega Prosecco Gold Brut,italy,https://www.vivino.com/FR/en/wines/1488764,3.7
24.35,"Alasia Rosé Brut, Alta Langa",italy,https://www.vivino.com/FR/en/wines/3164015,3.7
9.65,"Gran Bierzo ""Bierzo 8 Meses"" (Monastrell/Syrah)",spain,https://www.vivino.com/FR/en/wines/155585341,3.7
14.7,"Maurodos ""Prima Toro De Mauro"", Tempranillo",spain,https://www.vivino.com/FR/en/wines/2470973,3.7
12.75,"Baltasar Gracián Blanco De Hielo, Macebeo, Baltasar Gracián",spain,https://www.vivino.com/FR/en/wines/4748296,3.7
9.95,"Antonio Montero Godello,",spain,https://www.vivino.com/FR/en/wines/145732217,3.7
9.9,"Bodegas Vegalfaro ""Rebel.Lia Seleccion Especial Organic"" (Bobal/Tempranillo/Garnacha Tintorera/",spain,https://www.vivino.com/FR/en/wines/148789067,3.7
16.95,Bodegas Protos Roble,spain,https://www.vivino.com/FR/en/wines/1914506,3.7
14.4,Sepp Moser Grüner Veltliner Organic,rest-of-the-world,https://www.vivino.com/FR/en/wines/156392677,3.7
14.4,Sepp Moser Zweigelt Organic,rest-of-the-world,https://www.vivino.com/FR/en/wines/161988200,3.7
23.95,Trius Sauvignon Blanc,rest-of-the-world,https://www.vivino.com/FR/en/wines/1563858,3.7
12.65,Château Ksara Blanc de Blancs,rest-of-the-world,https://www.vivino.com/FR/en/wines/1537287,3.7
29.95,"Domaine Michel Girault Les Beaux Regards, Sancerre Rouge",france,https://www.vivino.com/FR/en/wines/155266696,3.6
9.4,"M.Chapoutier, Luberon 'La Ciboise' Rouge",france,https://www.vivino.com/FR/en/wines/1471076,3.6
21.2,"Domaine Trénel, Climat Fleurie 'La Madone' (Single Vineyard)",france,https://www.vivino.com/FR/en/wines/4833964,3.6
16.55,Les Alexandrins Cotes du Rhone Rouge 'Terrasses de L'Eridan',france,https://www.vivino.com/FR/en/wines/154121895,3.6
26.4,Domaine des Bosquets `La Font des Bosquets` Gigondas,france,https://www.vivino.com/FR/en/wines/4743836,3.6
9.6,Château L'Ermitage Cuvée Auzan Blanc,france,https://www.vivino.com/FR/en/wines/159745242,3.6
49,Louis Latour Pinot Noir,france,https://www.vivino.com/FR/en/wines/1470344,3.6
17.5,Les Alexandrins Cotes du Rhone Blanc 'Terrasses de L'Eridan',france,https://www.vivino.com/FR/en/wines/155877166,3.6
18.85,Domaine Wiehlé Engelreben Riesling,france,https://www.vivino.com/FR/en/wines/158131512,3.6
15.1,"Chateau Cailleteau-Bergeron Hauts de Bergeron, Blaye Cotes de Bordeaux Blanc",france,https://www.vivino.com/FR/en/wines/4817446,3.6
11.7,"Domaine Coulange Cuvée Bergoïata, Cotes du Rhone",france,https://www.vivino.com/FR/en/wines/165238663,3.6
30.45,"Chateau Laborde, Lalande de Pomerol",france,https://www.vivino.com/FR/en/wines/4892047,3.6
15.55,"Baron Philippe de Rothschild, Mouton Cadet Reserve Graves Blanc",france,https://www.vivino.com/FR/en/wines/4743949,3.6
9.4,Château Buisson Redon,france,https://www.vivino.com/FR/en/wines/4935815,3.6
10.5,Schröder and Schÿler Private Réserve Medoc,france,https://www.vivino.com/FR/en/wines/4869725,3.6
23.85,Château Amour,france,https://www.vivino.com/FR/en/wines/1783738,3.6
15.15,"La Madone Fleurie ""La Reine de l'Arenite""",france,https://www.vivino.com/FR/en/wines/145619237,3.6
14.25,Pierre Sourdais Chinon Tradition,france,https://www.vivino.com/FR/en/wines/2218898,3.6
8.2,Patrice Armand Côtes du Rhône La Chapelle de Marin,france,https://www.vivino.com/FR/en/wines/4869341,3.6
26.4,Domaine des Bosquets ‘la Font des Bosquets’ Gigondas,france,https://www.vivino.com/FR/en/wines/4743836,3.6
7.7,Soldiers Block Malbec,australia,https://www.vivino.com/FR/en/wines/147166445,3.6
7.2,Soldiers Block Chardonnay  ,australia,https://www.vivino.com/FR/en/wines/4511161,3.6
19.15,St Hallett Gamekeepers Grenache Shiraz Touriga,australia,https://www.vivino.com/FR/en/wines/2808751,3.6
18.15,Petaluma White Label Sauvignon Blanc Adelaide Hills,australia,https://www.vivino.com/FR/en/wines/20031363,3.6
18.15,Petaluma White Label Chardonnay Adelaide Hills,australia,https://www.vivino.com/FR/en/wines/2452886,3.6
30.7,"`Red Moon` Mangan Vineyard Wilyabrup Malbec/Petit Verdot/Merlot, Cullen",australia,https://www.vivino.com/FR/en/wines/157938311,3.6
19.35,Innocent Bystander Yarra Valley Pinot Gris,australia,https://www.vivino.com/FR/en/wines/4746757,3.6
22.2,Innocent Bystander Yarra Valley Chardonnay,australia,https://www.vivino.com/FR/en/wines/17339762,3.6
15.95,Three Lions Great Southern Cabernet/Merlot,australia,https://www.vivino.com/FR/en/wines/141933767,3.6
19.6,Cape Mentelle Semillon/Sauvignon Blanc,australia,https://www.vivino.com/FR/en/wines/23351637,3.6
19.8,Stella Bella Semillon Sauvignon Blanc,australia,https://www.vivino.com/FR/en/wines/4245940,3.6
8.65,Yellow Tail Bubbles Brut Rosé,australia,https://www.vivino.com/FR/en/wines/160554642,3.6
7.75,Casillero del Diablo Carménère,chile,https://www.vivino.com/FR/en/wines/1478498,3.6
7.1,Sierra Grande Pinot Noir,chile,https://www.vivino.com/FR/en/wines/11474964,3.6
21.3,Tinpot Hut Pinot Noir,new_zealand,https://www.vivino.com/FR/en/wines/4644550,3.6
23.4,Kim Crawford Pinot Noir,new_zealand,https://www.vivino.com/FR/en/wines/2921249,3.6
18.9,"Trinity Hill, Hawkes Bay Chardonnay",new_zealand,https://www.vivino.com/FR/en/wines/4760202,3.6
11.85,Oyster Bay Chardonnay,new_zealand,https://www.vivino.com/FR/en/wines/2017312,3.6
15.5,MOKO Black Pinot Noir,new_zealand,https://www.vivino.com/FR/en/wines/4343147,3.6
14.6,Oyster Bay Sparkling Cuvée Brut,new_zealand,https://www.vivino.com/FR/en/wines/2561642,3.6
14,"Spice Route Chenin Blanc, Swartland",south_africa,https://www.vivino.com/FR/en/wines/2174371,3.6
10.6,"Fleur Du Cap, Essence Du Cap Cabernet Sauvignon",south_africa,https://www.vivino.com/FR/en/wines/160268059,3.6
10.95,Leaping Horse Pinot Grigio,usa,https://www.vivino.com/FR/en/wines/152490503,3.6
10.95,Leaping Horse Cabernet Sauvignon,usa,https://www.vivino.com/FR/en/wines/3097444,3.6
5.2,Barefoot White Zinfandel,usa,https://www.vivino.com/FR/en/wines/1469650,3.6
19.4,Ironstone Vineyards Reserve Chardonnay,usa,https://www.vivino.com/FR/en/wines/4729661,3.6
17.1,Charles Smith Devil Merlot,usa,https://www.vivino.com/FR/en/wines/1776122,3.6
12.35,Line 39 Petite Sirah,usa,https://www.vivino.com/FR/en/wines/3469506,3.6
9.15,Dark Horse Sauvignon Blanc,usa,https://www.vivino.com/FR/en/wines/19020305,3.6
6.95,The Bulletin Zinfandel Rosé,usa,https://www.vivino.com/FR/en/wines/158834977,3.6
15.7,Cleebroon &amp; Guglingen Herzog C Lemberger,germany,https://www.vivino.com/FR/en/wines/2977906,3.6
21,"Balthasar Ress, Von Unserm Spatburgunder Pinot Noir QBA Trocken",germany,https://www.vivino.com/FR/en/wines/2273441,3.6
24.2,Mandrarossa Cartagho Nero D’Avola,italy,https://www.vivino.com/FR/en/wines/3372050,3.6
8.6,Cantina Di Monteforte Soave Classico Superiore Montegrande,italy,https://www.vivino.com/FR/en/wines/151764537,3.6
20.35,"Prunotto Barbera d’Alba, Piemonte",italy,https://www.vivino.com/FR/en/wines/5877042,3.6
27.25,Fontafredda Briccotondo Piemonte Barbera ,italy,https://www.vivino.com/FR/en/wines/2016173,3.6
11.35,Mandrarossa Costadune Grillo,italy,https://www.vivino.com/FR/en/wines/7166753,3.6
21.5,"Poggio Al Tesoro, Alegrini Estates `Cassiopea` Bolgheri Rosato",italy,https://www.vivino.com/FR/en/wines/4495999,3.6
13.7,"Purato Catarratto/Pinot Grigio, Sicily - Organic",italy,https://www.vivino.com/FR/en/wines/2727379,3.6
12.75,"Ripa Delle Mandorle IGT Toscana Rosso, Vicchiomaggio",italy,https://www.vivino.com/FR/en/wines/1966999,3.6
11.3,San Jacope IGT Toscano Vermentino,italy,https://www.vivino.com/FR/en/wines/1647117,3.6
11,Araldica Gavi DOCG La Luciana,italy,https://www.vivino.com/FR/en/wines/1469446,3.6
15.7,Pinot Grigio Piave La di Motte,italy,https://www.vivino.com/FR/en/wines/4995084,3.6
5.2,Rometta Sangiovese Rubicone IGT,italy,https://www.vivino.com/FR/en/wines/144166617,3.6
10.8,Mandrarossa Nero d'Avola Costadune,italy,https://www.vivino.com/FR/en/wines/3372050,3.6
11.65,Ceradello Prosecco Spumante Brut,italy,https://www.vivino.com/FR/en/wines/150838641,3.6
6.9,Vins El Cep Ot Blanc De Terrer Macebeo,spain,https://www.vivino.com/FR/en/wines/153406171,3.6
10.05,Bodegas Castro Ventosa 'El Castro De Valtuille' Mencia Joven,spain,https://www.vivino.com/FR/en/wines/1495758,3.6
9.95,"Enate, Cabernet/Merlot",spain,https://www.vivino.com/FR/en/wines/1918833,3.6
10.4,"Casa De Monroy ""Alceno De Monroy Garnacha Y Syrah 3M"", (Monastrell/Syrah)",spain,https://www.vivino.com/FR/en/wines/42575328,3.6
11.35,"Viñas Del Regajal ""Las Retamas Del Regaja",spain,https://www.vivino.com/FR/en/wines/3148282,3.6
13.2,La Val Vina Ludy Albariño,spain,https://www.vivino.com/FR/en/wines/3791432,3.6
7.3,Campo Viejo Tempranillo,spain,https://www.vivino.com/FR/en/wines/1480070,3.6
14.8,Beronia Crianza,spain,https://www.vivino.com/FR/en/wines/1482418,3.6
33.75,"Grace Koshu Private Reserve, Grace Winery Grace Yamanashi",rest-of-the-world,https://www.vivino.com/FR/en/wines/4910969,3.6
11.5,Château Ksara Sunset Rosé,rest-of-the-world,https://www.vivino.com/FR/en/wines/4093102,3.6
6.8,Mateus Rosé,rest-of-the-world,https://www.vivino.com/FR/en/wines/164942646,3.6
10.15,"M.Chapoutier, Costières-de-Nîmes, Collection Bio “Areca” &amp; “Rouge” ",france,https://www.vivino.com/FR/en/wines/148409463,3.5
12.45,"M.Chapoutier, Côtes-du-Rhône Rouge Adubatio , Collection Bio",france,https://www.vivino.com/FR/en/wines/3095609,3.5
9.4,"M.Chapoutier, Luberon 'La Ciboise' Blanc",france,https://www.vivino.com/FR/en/wines/2002648,3.5
14.55,"Domaine Trénel, Beaujolais Blanc",france,https://www.vivino.com/FR/en/wines/10321776,3.5
15.2,Perrin Cotes du Rhone Blanc Reserve,france,https://www.vivino.com/FR/en/wines/2253004,3.5
6.95,Bellefontaine Grenache Rosé,france,https://www.vivino.com/FR/en/wines/133589100,3.5
6.7,Bellefontaine Merlot,france,https://www.vivino.com/FR/en/wines/3050793,3.5
7.8,Baron Philippe de Rothschild Syrah,france,https://www.vivino.com/FR/en/wines/4744080,3.5
7.9,Schröder and Schÿler Chartron La Fleur Rouge,france,https://www.vivino.com/FR/en/wines/1723870,3.5
13.3,Château Roc de Ségur,france,https://www.vivino.com/FR/en/wines/4917374,3.5
9,Bodega Norton Finca la Colonia Torrontes,argentina,https://www.vivino.com/FR/en/wines/1712555,3.5
6.75,Argento Shiraz,argentina,https://www.vivino.com/FR/en/wines/2095980,3.5
13.7,"Three Lions, Great Southern Sauvignon Blanc",australia,https://www.vivino.com/FR/en/wines/123811807,3.5
8.9,"16 Stops, Shiraz",australia,https://www.vivino.com/FR/en/wines/3564737,3.5
12.3,Fishbone Cabernet Shiraz,australia,https://www.vivino.com/FR/en/wines/4975830,3.5
13.85,"Peter Lehmann Hill &amp; Valley Chardonnay, Eden Valley",australia,https://www.vivino.com/FR/en/wines/4714338,3.5
8.15,Yellow Tail Shiraz,australia,https://www.vivino.com/FR/en/wines/1469729,3.5
11.35,d'Arenberg The Stump Jump Red,australia,https://www.vivino.com/FR/en/wines/2159129,3.5
9.9,Jacob's Creek Sparkling Rosé,australia,https://www.vivino.com/FR/en/wines/164942799,3.5
7.95,Casillero del Diablo Shiraz Rosé,chile,https://www.vivino.com/FR/en/wines/1513851,3.5
7.1,Sierra Grande Cabernet Sauvignon,chile,https://www.vivino.com/FR/en/wines/2649253,3.5
8.2,"Casillero Del Diablo, Cabernet Sauvignon",chile,https://www.vivino.com/FR/en/wines/1471290,3.5
18.9,"The Trinity, Trinity Hill, Hawkes Bay",new_zealand,https://www.vivino.com/FR/en/wines/4478606,3.5
11.85,Villa Maria Private Bin East Coast Chardonnay,new_zealand,https://www.vivino.com/FR/en/wines/2159353,3.5
19,Babylon's Peak Shiraz-Mourvedre-Grenache SMG,south_africa,https://www.vivino.com/FR/en/wines/19732224,3.5
7.25,"Fleur Du Cap, Essence Du Cap Sauvignon Blanc",south_africa,https://www.vivino.com/FR/en/wines/159262298,3.5
10.1,"Fleur Du Cap, Essence Du Cap Pinotage",south_africa,https://www.vivino.com/FR/en/wines/157874631,3.5
10.6,"Fleur Du Cap, Essence Du Cap Merlot",south_africa,https://www.vivino.com/FR/en/wines/158712927,3.5
7,KWV Cabernet Sauvignon,south_africa,https://www.vivino.com/FR/en/wines/2561498,3.5
9.15,Nederburg The Winemaster's Cabernet Sauvignon,south_africa,https://www.vivino.com/FR/en/wines/2554512,3.5
9.15,Nederburg The Winemaster's  Shiraz ,south_africa,https://www.vivino.com/FR/en/wines/2260129,3.5
10.95,Leaping Horse Chardonnay,usa,https://www.vivino.com/FR/en/wines/4276317,3.5
10.95,Leaping Horse Merlot,usa,https://www.vivino.com/FR/en/wines/4580514,3.5
5.2,Barefoot Sweet Red,usa,https://www.vivino.com/FR/en/wines/1469960,3.5
15.3,Murphy-Goode North Coast Sauvignon Blanc,usa,https://www.vivino.com/FR/en/wines/2106126,3.5
7.25,Barefoot Bubbly Pinot Grigio,usa,https://www.vivino.com/FR/en/wines/1728061,3.5
14,"Columbia Crest, Two Vines Merlot",usa,https://www.vivino.com/FR/en/wines/1964499,3.5
12.35,Line 39 Merlot,usa,https://www.vivino.com/FR/en/wines/4898920,3.5
20.05,"Kendall-Jackson Vintner's Reserve Sauvignon Blanc, California",usa,https://www.vivino.com/FR/en/wines/4614614,3.5
9.15,Dark Horse Zinfandel,usa,https://www.vivino.com/FR/en/wines/146702112,3.5
20.55,Fontafredda Briccotondo Dolcetto,italy,https://www.vivino.com/FR/en/wines/4202978,3.5
5.3,Ponte Pietra Trebbiano/Garg Del Veneto,italy,https://www.vivino.com/FR/en/wines/2344414,3.5
13.4,"Santa Margherita, Merlot IGT",italy,https://www.vivino.com/FR/en/wines/3415104,3.5
10.65,Cantine Belisario Verdicchio `Terre Di Valbona',italy,https://www.vivino.com/FR/en/wines/1470363,3.5
7.25,Mandrarossa Casa Mia Catarratto,italy,https://www.vivino.com/FR/en/wines/162321494,3.5
11.6,Corte Giara Bardolino,italy,https://www.vivino.com/FR/en/wines/4719350,3.5
14.35,Cantine Belisario Lacrima Di Morro D'Alba,italy,https://www.vivino.com/FR/en/wines/9530620,3.5
14.65,Antichi Poderi Jerzu Cannonau Bantu,italy,https://www.vivino.com/FR/en/wines/1815164,3.5
13.55,"Antichi Poderi Jerzu ""Telavè"", Vermentino di Sardegna",italy,https://www.vivino.com/FR/en/wines/3663215,3.5
9.3,Lamberti Pinot Grigio IGT,italy,https://www.vivino.com/FR/en/wines/1471823,3.5
10.8,Planeta La Segreta Rosso IGT,italy,https://www.vivino.com/FR/en/wines/1594857,3.5
7.25,"Bodegas Alceño ""Alceno Roble 4 Meses"",( Monastrell/Syrah)",spain,https://www.vivino.com/FR/en/wines/8058665,3.5
9.2,"Alceno Gil 4 Meses Amarillo, Monastrell/Syrah, Juan Gil",spain,https://www.vivino.com/FR/en/wines/8058665,3.5
10.95,"Vins El Cep, L'Alzinar Reserva Brut, Chardonnay/Parellada",spain,https://www.vivino.com/FR/en/wines/2232654,3.5
194.12,Torres Vina Sol.,spain,https://www.vivino.com/FR/en/wines/160993825,3.5
9.05,Miguel Torres Sangre de Toro,spain,https://www.vivino.com/FR/en/wines/2253999,3.5
23.95,Trius Merlot,rest-of-the-world,https://www.vivino.com/FR/en/wines/2173017,3.5
13.05,Teliani Valley Saperavi,rest-of-the-world,https://www.vivino.com/FR/en/wines/3956819,3.5
11.85,"Domaine de Gagnebert Les Chailloux, Cabernet d'Anjou",france,https://www.vivino.com/FR/en/wines/18347140,3.4
33.1,"Chateau Mancèdre Le Trettin, Pessac Leognan",france,https://www.vivino.com/FR/en/wines/146308166,3.4
7.3,Bellefontaine Chardonnay,france,https://www.vivino.com/FR/en/wines/4869231,3.4
7.8,Baron Philippe de Rothschild Pinot Noir,france,https://www.vivino.com/FR/en/wines/1476766,3.4
17.8,"Mas de Lavail Alhambra, Cotes du Roussillon Villages",france,https://www.vivino.com/FR/en/wines/161145088,3.4
11.4,Baron Philippe de Rothschild' Mouton Cadet Blanc,france,https://www.vivino.com/FR/en/wines/2665319,3.4
7.95,Château Bel Air Bordeaux Superieur,france,https://www.vivino.com/FR/en/wines/4827040,3.4
9.85,Cavalier de la Méditerranée Merlot IGP Pays d'Oc,france,https://www.vivino.com/FR/en/wines/5016676,3.4
8.95,Argento Malbec,argentina,https://www.vivino.com/FR/en/wines/1970313,3.4
14.55,"Elderton Estate Family Vineyards, Eden Valley Chardonnay",australia,https://www.vivino.com/FR/en/wines/4726022,3.4
8.75,"16 Stops, Chardonnay",australia,https://www.vivino.com/FR/en/wines/2581701,3.4
6.5,Jacob's Creek Chardonnay,australia,https://www.vivino.com/FR/en/wines/4601955,3.4
6.7,Jacob's Creek Classic Shiraz Cabernet,australia,https://www.vivino.com/FR/en/wines/1525510,3.4
9.8,Jacob's Creek Sparkling Chardonnay Pinot Noir,australia,https://www.vivino.com/FR/en/wines/164942858,3.4
8,"Fleur Du Cap, Essence Du Cap Chardonnay",south_africa,https://www.vivino.com/FR/en/wines/3636280,3.4
9.15,Nederburg Winemasters Merlot,south_africa,https://www.vivino.com/FR/en/wines/3163418,3.4
5.2,Barefoot Merlot,usa,https://www.vivino.com/FR/en/wines/1469991,3.4
5.2,Canyon Road Chardonnay,usa,https://www.vivino.com/FR/en/wines/2861647,3.4
10.65,Callaway Merlot,usa,https://www.vivino.com/FR/en/wines/3393032,3.4
8.3,Douglass Hill Shiraz,usa,https://www.vivino.com/FR/en/wines/4272616,3.4
5.8,Alpha Zeta `G` Garganega,italy,https://www.vivino.com/FR/en/wines/2169912,3.4
5.7,Via Nova Pinot Grigio IGT,italy,https://www.vivino.com/FR/en/wines/16510905,3.4
6.7,"Alpha Zeta,`S` Soave DOC, Veneto",italy,https://www.vivino.com/FR/en/wines/1544550,3.4
8.45,Bobal De San Juan Tinto,spain,https://www.vivino.com/FR/en/wines/2801074,3.4
7.95,Jf Arriezu Joven Tinto (50% Organic Tempranillo And 50% Organic Garnacha),spain,https://www.vivino.com/FR/en/wines/155723283,3.4
6.95,Bellefontaine Sauvignon Blanc,france,https://www.vivino.com/FR/en/wines/4944567,3.3
9.3,Baron Philippe de Rothschild Chardonnay,france,https://www.vivino.com/FR/en/wines/2435570,3.3
8.85,La Plume Cabernet Sauvignon,france,https://www.vivino.com/FR/en/wines/147250413,3.3
7.8,Baron Philippe de Rothschild Merlot,france,https://www.vivino.com/FR/en/wines/1554562,3.3
7.8,Baron Philippe de Rothschild Cabernet Sauvignon,france,https://www.vivino.com/FR/en/wines/1474577,3.3
11.4,"Baron Philippe de Rothschild, Le Rose de Mouton Cadet",france,https://www.vivino.com/FR/en/wines/1470975,3.3
12.3,Baron Philippe de Rothschild Mouton Cadet Rouge,france,https://www.vivino.com/FR/en/wines/1516700,3.3
13.75,"Baron Philippe de Rothschild, Mouton Cadet Heritage Rouge",france,https://www.vivino.com/FR/en/wines/1516700,3.3
10.35,"Cavalier de la Méditerranée Chardonnay, IGP Pays d""Oc",france,https://www.vivino.com/FR/en/wines/159867653,3.3
6.35,Argento Sauvignon Blanc,argentina,https://www.vivino.com/FR/en/wines/4817250,3.3
6.45,Argento Chardonnay,argentina,https://www.vivino.com/FR/en/wines/4023819,3.3
8.3,Bodega Norton Finca La Colonia Merlot,argentina,https://www.vivino.com/FR/en/wines/4326383,3.3
7.35,Yellow Tail Chardonnay,australia,https://www.vivino.com/FR/en/wines/1493807,3.3
8.15,Yellow Tail Merlot,australia,https://www.vivino.com/FR/en/wines/1506348,3.3
6.55,Jacob's Creek&nbsp;Classic Shiraz Rosé,australia,https://www.vivino.com/FR/en/wines/4347193,3.3
6.7,Cono Sur Bicicleta Pinot Noir,chile,https://www.vivino.com/FR/en/wines/157258481,3.3
15.15,ROSE Coterie Cinsault Rosé,south_africa,https://www.vivino.com/FR/en/wines/2835053,3.3
11,Nederburg Private Collection Sauvignon Blanc,south_africa,https://www.vivino.com/FR/en/wines/158881365,3.3
11.65,Obsession Rose,usa,https://www.vivino.com/FR/en/wines/168684260,3.3
5.2,Barefoot Chardonnay,usa,https://www.vivino.com/FR/en/wines/1518257,3.3
4.8,Carlo Rossi Rosé,usa,https://www.vivino.com/FR/en/wines/2146935,3.3
8.35,Liberty Creek Cabernet Sauvignon Magnum (1.5L),usa,https://www.vivino.com/FR/en/wines/1690389,3.3
5.2,Barefoot Cabernet Sauvignon,usa,https://www.vivino.com/FR/en/wines/1471051,3.3
5.7,Gallo Family Vineyards Sauvignon Blanc,usa,https://www.vivino.com/FR/en/wines/2432194,3.3
8.35,Liberty Creek Chardonnay Magnum (1.5L),usa,https://www.vivino.com/FR/en/wines/2024268,3.3
8.3,Douglass Hill Cabernet Sauvignon,usa,https://www.vivino.com/FR/en/wines/2801862,3.3
10.5,Cleebroon &amp; Guglingen Sankt M Lemberger,germany,https://www.vivino.com/FR/en/wines/2569170,3.3
10.2,Alpha Zeta V` Valpolicella,italy,https://www.vivino.com/FR/en/wines/1774880,3.3
8.15,Fontana Candida Frascati Superiore DOCG,italy,https://www.vivino.com/FR/en/wines/1469655,3.3
13.6,E De Esperanza Verdejo Organic,spain,https://www.vivino.com/FR/en/wines/2485292,3.3
5.2,Barefoot Pinot Noir,usa,https://www.vivino.com/FR/en/wines/2232841,3.2
8.6,Glen Ellen Reserve Cabernet Sauvignon,usa,https://www.vivino.com/FR/en/wines/4066878,3.2
16.35,Von Othegraven Riesling Kabinett Feinherb,germany,https://www.vivino.com/FR/en/wines/161470059,3.2
7.4,Ca Di Alte Sauvignon,italy,https://www.vivino.com/FR/en/wines/28901116,3.2
10.85,Sartori Marzemino Villa Mura,italy,https://www.vivino.com/FR/en/wines/2802867,3.2
5.2,Via Nova Merlot del Veneto IGT,italy,https://www.vivino.com/FR/en/wines/4104488,3.2
7.15,Mandrarossa Casa Mia Alicante Syrah,italy,https://www.vivino.com/FR/en/wines/158110773,3.1
9.85,"Cavalier de la Méditerranée Cabernet Sauvignon, Pays d'Oc",france,https://www.vivino.com/FR/en/wines/4806837,3
75.6,"Maison Antoine Geoffroy, Beaune, Gevrey Chambertin Vieilles Vignes ",france,https://www.vivino.com/FR/en/wines/166079993,0
12.15,"Marius, Avenue de la Gare Syrah, IGP Collines Rhodaniennes ",france,https://www.vivino.com/FR/en/wines/169451999,0
12.45,"M.Chapoutier, Côtes-du-Rhône Blanc Adunatio , Collection Bio",france,https://www.vivino.com/FR/en/wines/171186730,0
10.45,"Domaine Trénel, Coteaux-Bourguignons, Vin de Bourgogne",france,https://www.vivino.com/FR/en/wines/157901951,0
49.95,"Chateau Pontac Lynch Cru, Bourgeois",france,https://www.vivino.com/FR/en/wines/134644422,0
8.55,"Coudelier Original, Costières De Nîmes",france,https://www.vivino.com/FR/en/wines/171860663,0
10.3,"Mas De Lavail Carmin, Côtes Du Roussillon Villages",france,https://www.vivino.com/FR/en/wines/171422674,0
15.6,"Puech De Fourques, Pic Saint Loup",france,https://www.vivino.com/FR/en/wines/170112182,0
9.15,Domaine Coulange Secret,france,https://www.vivino.com/FR/en/wines/171566318,0
162.7,Remoissenet Chambolle Musigny Les Combottes,france,https://www.vivino.com/FR/en/wines/154888107,0
17.8,Domaine JM Lafont Brouilly “Les Roches”,france,https://www.vivino.com/FR/en/wines/171222269,0
15.5,"Chateau Lassalle Le Bergey, Graves",france,https://www.vivino.com/FR/en/wines/170888827,0
11.1,"Chateau Pradeau-Mazeau Cuvée Prestige Rosé, Bordeaux",france,https://www.vivino.com/FR/en/wines/160835579,0
59.4,"Gervais Gobillard Prestige Blanc, Champagne",france,https://www.vivino.com/FR/en/wines/170410630,0
22.1,"Emotion de Provence Prestige, Coteaux Varois Rosé",france,https://www.vivino.com/FR/en/wines/170266353,0
18.25,"Emotion de Provence, Coteaux Varois Rosé",france,https://www.vivino.com/FR/en/wines/170266353,0
12.85,"Château de Haux Rouge, Premières Côtes de Bordeaux",france,https://www.vivino.com/FR/en/wines/4830464,0
7.75,"Kaiken Clásico, Mendoza Cabernet Sauvignon",argentina,https://www.vivino.com/FR/en/wines/173090143,0
14.55,Small Victories Rosé,australia,https://www.vivino.com/FR/en/wines/169148610,0
14.55,Small Victories Pinot Gris,australia,https://www.vivino.com/FR/en/wines/169148597,0
14.55,Small Victories Shiraz,australia,https://www.vivino.com/FR/en/wines/170229743,0
14.55,Small Victories Sangiovese,australia,https://www.vivino.com/FR/en/wines/169969575,0
14.95,Fishbone Black Range Sauvignon Blanc,australia,https://www.vivino.com/FR/en/wines/160143408,0
15.45,Little Ripples Rosé,australia,https://www.vivino.com/FR/en/wines/169906689,0
15.45,Little Ripples Chardonnay,australia,https://www.vivino.com/FR/en/wines/163817904,0
15.45,Little Ripples Sauvignon Blanc,australia,https://www.vivino.com/FR/en/wines/165129194,0
17.55,Little Ripples Shiraz,australia,https://www.vivino.com/FR/en/wines/167541104,0
31.65,"Henschke Henry’s Seven` Shiraz/Grenache/Mataro/Viognier, Barossa",australia,https://www.vivino.com/FR/en/wines/4874694,0
20.5,Sharpham Estate Little Bee Wild Ferment Pinot Gris,uk,https://www.vivino.com/FR/en/wines/172629064,0
40.5,"Henners Brut, Sussex",uk,https://www.vivino.com/FR/en/wines/173371582,0
40.8,Litmus Red Pinot 2018,uk,https://www.vivino.com/FR/en/wines/164421075,0
11.65,Obsession Symphony-Peach,usa,https://www.vivino.com/FR/en/wines/172705924,0
74.9,Pine Ridge Vineyards Cabernet Sauvignon,usa,https://www.vivino.com/FR/en/wines/173102316,0
14.05,Divino Terroir Weissburgunder Thüngersheimer Johannisberg,germany,https://www.vivino.com/FR/en/wines/160005825,0
14.5,Weinbiet&nbsp; Philipp Bassler Spätburgunder Großes Gewachs,germany,https://www.vivino.com/FR/en/wines/166179880,0
45.75,Balthasar Ress Erbach Marcobrunn Riesling Auslese,germany,https://www.vivino.com/FR/en/wines/4062059,0
11.85,Martini Asti Spumante,italy,https://www.vivino.com/FR/en/wines/168085455,0
10.5,Bodegas Medina Marqués De Badajoz Cava Brut Reserva,spain,https://www.vivino.com/FR/en/wines/4040944,0
13.85,"Bodegas Alejandro Fernandez"" El Vinculo Tempranillo (Crianza)",spain,https://www.vivino.com/FR/en/wines/157959858,0
17.1,Adegas Valminor'Davila O Rasal (Albarino/Loureiro/Treixadura),spain,https://www.vivino.com/FR/en/wines/5714731,0
7.25,"Terra Franca,Vinho Regional Tinto",rest-of-the-world,https://www.vivino.com/FR/en/wines/3474269,0